{"cameraMode":{"drawMode":0,"name":"Shaded","section":"Shading Mode"},"sceneLighting":true,"audioPlay":false,"sceneViewState":{"showFog":true,"showMaterialUpdate":false,"showSkybox":true,"showFlares":true,"showImageEffects":true,"showParticleSystems":true},"in2DMode":false,"pivot":{"x":18.046911239624025,"y":5.03609037399292,"z":80.22819519042969},"rotation":{"x":0.02056129463016987,"y":-0.11189786344766617,"z":-0.0023152458015829326,"w":-0.993652880191803},"size":64.58992767333985,"orthographic":false}